id,title,text_clean
1,baler association assainit service public bagassi,burkina balé citoyenner assainissemer balé association assainit service public bagassi bagassi membre association jeune solidaire progrès ajsp appuyer brigade vert mairie bagassi organiser samedi septembre journée salubrité local csp inspection éducation base commune csp bagassi service inspection éducation site bénéficier action citoyen inspection travail porter fois assainissement cour nettoyage minutieux intérieur bureau balais brouette houe main jeune redonner cadre propre accueillir espace administratif demande chef circonscription éducation activité être élargir opération reboisement membre ajsp bénéficier appui technique service environnement président ajsp initiative vise joindre propreté protection environnement action citoyen encourager multiplier améliorer cadre vie commune mairie mettre brigade vert contribution saluer mobilisation jeunesse part cceb exprimer satisfaction encourager continuité initiative ambiance convivial participant clôturer journée sentiment accomplir geste utile communauté agencer information burkina yo
2,balé commune fara investir domaine environnement eau,balé commune fara investir domaine environnement eau fara délégation spécial commune fara tenir session cadre concertation mercredi septembre acteur bilan investissement période espace dialogue participation citoyen transparence gestion affaire commune connaître participation représentant couche haut commissaire province martin bako bilan investissement être présenter sécrétaire général mairie mohamadi zongo ressortir fcfer être injecter domaine éducation santé infrastructure routier aménagement jardin lampadaire investissement être assurer fond minier développement local pgpc budget communal pudtr domaine environnement eau enregistrer investissement suivre éducation chantier perspective travail construction salle conférence mairie réalisation parc vaccination travail construction plateau omnisports stade communal zonou issa bilan échange interactif contribuer éclairer sensibiliser membre cadre convenir développement endogène meilleur réalité fille fil commune unir meilleur implication population développement local recommandation être faire autorité local fille fil commune prendre bon note prendre engagement mieux travailler édification commune fara préfet président délégation spécial commune aloy ouango prononcer mot bienvenue ouverture session haut commissaire inviter special cadre exhorter population soutenir initiative gouvernement apporter initiative développement local endogène prôné autorité pays agencer information burkina yo
3,dissihn domsèr accueillir directeur ecol,burkina ioba education installation directeur dissihn domsèr accueillir directeur ecole dissihn enseignant directeur école domsèr commune dissihn joachim bama être accueillir joie population lundi septembre population domsèr sortir nombreux occasion installation enseignant école localité inspecteur yaonkirè isidore somer représentant chef circonscription éducation base cceb dissihn directeur promettre mettre œuvre politique éducatif national localité chef domsèr souhaiter bienvenue enseigner affecter village inquiet partir fils rassurer représentant cceb féliciter directeur installé prodiguer conseil réussite nouveau mission bama lourde charge instruire enfant domsèr jadis parcourir kilomètre acquérir savoir salle classe construire école fonctionner paillote attendre édification bâtiment construction infrastructure scolaire prévoir population rassembler agrégat agencer information burkina jbd yo
4,burkina conférence mondial femme amélioration condition vie femme burkina réitérer engagement,burkina siège onu participation conférence mondial femme burkina conférence mondial femme amélioration condition vie femme burkina réitérer engagement ouagadougou ministre action humanitaire solidarité national pélagie kaboré porter haut voix burkina engagement continuer œuvrer offrir meilleur condition vie femme réunion haut niveau anniversaire conférence mondial femme tenir new york siège onu ministre action humanitaire solidarité national pélagie kaboré livrer discours tribune onu lundi septembre new york réunion haut niveau anniversaire conférence mondial femme intervention relever burkina faso engager réforme structurel vue améliorer durablement condition vie particulier femme conformément programme action beijing engagement traduire renforcement cadre juridique institutionnel initiative viser autonomisation femme pleine participation sphère décision pair expert personne engager meilleur condition vie femme mme kaboré preciser action entreprendre permettre avancée significatif explicité domaine éducation taux brut scolariation fille fortement progresser niveau présence féminin croissant enseignement supérieur matière santé égelement savoir gratuité soin femme enceinte hausse taux accouchement assisté passer subvention prise charge cancer féminin contribuer baisse notable mortalité maternel distance accès centre santé être réduire matière autonomisation économique accent être mettre meilleur inclusion femme fille secteur agricole financier bénéficier financement public taux préférentiel superficie agricole nouvellement aménager état femme bénéficier crédit fonds appui activité ruminatrice femme montant global estimer million dollar confier ministre gouvernance indiquer représentation féminin parlement instance décision connaître nette amélioration toutefois mme kaboré reconnaître dépit effort acquis indéniable défi subsistent contexte sécuritaire difficile déplacement forcer population résident réponse difficulté insister burkina faso adopter stratégie national relèvement personne déplacer interne communauté haute intégrer approche sensible cas moyen long terme pays entame renforcer autonomisation économique entreprenariat féminin intensifier lutte contre violence fait femme fille pratique néfaste mutilation génital féminin mariage forcer améliorer accès soin santé maternel infantile promouvoir accès femme sphère décision infrastructure base indiquer agencer information burkina bbp
5,ae retirer cpi instrument répression néocolonial,burkina mali niger justice cpi retraire ae retirer cpi instrument répression néocolonial ouagadougou burkina faso mali niger réunir sein confédération état sahel ae annoncer lundi retrait immédiat statut rome cour pénal international cpi dénoncer juridiction devenir instrument répression néocolonial main impérialisme annonce être faire lundi soir télévision public burkinabè gouvernement burkinabè gilbert pingdwender ouédraogo communiquer conjoint cour pénal international preuve justice sélectif incapable juger crime grave acharner acteur cercle fermer bénéficiaire impunité international déclarer ministre gilbert pingdwender ouédraogo ae privilégier mécanisme endogène paix justice protection droit humain conformité valeur sociétal confédération réaffirmer toutefois disponibilité coopérer cadre approprié remercier onu état membre soutien rappel burkina faso mali niger respectivement ratifier statut rome cpi agencer information burkina ata bbp
6,burkina mouvement culture paix amour patrie offrir tonne cimer,burkina faso mêbo soutien burkina mouvement culture paix amour patrie offrir tonne cimer ouagadougou occasion célébration journée international paix mouvement culture paix amour patrie mcpap offrir dimanche septembre tonne ciment initiative présidentiel faso mêbo cadre journée international paix tenir apporter contribution initiative présidentiel faso mêbo édification pays affirmer trésorier mouvement serge théophil paix batiébo don composer tonne ciment être grâce fonds collecter gala charité serge théophil paix batiebo ailleurs souligner don membre mouvement prêter force physique construction pays initiative faso mêbo moyen citoyen participer développement burkina souligner batiebo inviter ensemble population mettre main pâte soutenir acte patriotisme amour patrie mouvement culture paix amour patrie association but non lucratif apolitique prône ensemble citoyen promotion paix amour patrie agencer information burkina yo
7,bobo dioulasso initiative présidentiel faso mêbo officiellement lancer arrondissement,bobo dioulasso initiative présidentiel faso mêbo officiellement lancer arrondissement bobo dioulasso président délégation spécial commune bobo dioulasso laurent kontogom procéder samedi lancement officiel initiative présidentiel faso mêbo arrondissement ville présence responsable local population mobiliser cérémonie lancement lieu arrondissement président délégation spécial communal suite effectuer tournée suivi arrondissement constater bon déroulement travail laurent kontogom esprit initiative accélérer cadence pavage embellissement artère ville résultat être visible délai rapprocher agir faire sorte allier vite mieux pavage embellissement rue appeler habitant bobo dioulasso immédiatement site apporter contribution activité pouvoir bien dérouler espérer ici temps voir visage rue changer arrondissement déclarer arrondissement mobilisation population être saluer président délégation spécial dudit arrondissement souleymane sanon tôt matin habitant prendre assaut lieu indiquer démarrage travail secteur unir homme participer lancement joie immense réjouir sanon toutefois inviter habitant maintenir élan lancemer officiel demande population continuer sortir travail poursuivre insister occasion veille citoyen présent accompagner initiativ conseiller coordination national veille citoyen section houet salifou ouédraogo souligner importance engagement citoyen être travailler travailler sincèremer faso mêbo rendre pays beau vivable visiteur quitter europ venir découvrir pays affirmer rappel faso mêbo littéralement bâtir patrie initiative présidentiel viser reconstruire burkina faso fort implication population agencer information burkina ata
8,ouagadougou yarcé peulh forgeron offrir ciment matériel faso mêbo,ouagadougou yarcé peulh forgeron offrir ciment matériel faso mêbo ouagadougou septembre association parenté plaisanterie yarga peulh forgeron soutenir initiative présidentiel faso mêbo dimanche sac ciment brouette paquet gant lot pelle parenté plaisanterie pilier développement tenir apporter pierre consolider construction pays déclarer président association abdoul rahim bagagna don fruit contribution communauté association bagagna souligner initiative réponse appel président faso construction burkina meilleur ensembl contexte actuel mission principal parenté plaisanterie promouvoir paix cohésion social culture indiquer abdoul rahim bagagna lancer appel association burkina faso international joindre construction burkina meilleur pays paix association parenté plaisanterie jouer pleinement rôle conclure don membre association prêter main fort travailleur faso mêbo agencer information burkina ata
9,kampti cfer kit scolaire distribuer élève cdej,kampti cfer kit scolaire distribuer élève cdej kampti aib élève centre développement enfant jeune cdej kampti recevoir samedi septembre kit scolaire supervision directeur nadomè farma président comité gestion hien bêbê jérémi mme mariett kambiré représentant comité pilotage directeur nadomè farmer qualifier geste grand portée social éducatif voir autant élève sourir préparer sereinement rentrée scolaire grâce solidarité communauté partenaire comble joie déclarer farma remercier comité gestion comité pilotage bienfaiteur permettre mobiliser cfer engager bénéficiaire recevoir kit septembre aucun enfant classe second laisser compte action traduire détermination commun investir avenir enfant ajouté représentant camarade bénéficiaire élever second oho inôbö évelyn hien exprimer vif satisfaction être heureux profondément reconnaissant kit aider mieux préparer année scolaire travailler confiance affirmer adresser nom camarade remerciement cdej responsable bon volonté soutien montr croire avenir donne envie redoubler effort réussir mériter confiance bénéficiaire don scolaire élève aller classe agencer information burkina ata
10,italie inauguration parc thomas sankarer rome,italie inauguration parc thomas sankarer rome ouagadougou capital italien rendre hommage président faso père révolution burkinabè inaugurer officiellement mercredi septembre parc thomas sankara situer ugo deller seta quartier montesacro cérémonie baptême organiser municipalité arrondissement rome être placer signe mémoire reconnaissance traduire volonté métropole romain promouvoir valeur défendre capitaine thomas sankara savoir solidarité intégrité émancipation masse populaire dignité humain amitié reconnaître travers monde homme conviction attacher peuple justice thomas sankara demeure figure universel héritage dépasser frontière burkina faso continent africain allocution ambassadric burkina faso italie cyrill ganou badolo rappeler leader visionnaire burkinabè demeur titre citoyen monde symbole fierté courage intégrité inviter usager parc préserver lieu mémoire incarner engagement vision avenir afrique monde cérémonie dérouler présence excellence yacouba diakité oumar ibrahim sidi ambassadeur mali niger venir témoigner solidarité président municipalité rome paolo marchionn matteo pietrosante initiateur projet présent personnel ambassad burkina faso italie membre diaspora burkinabè citoyen romain admirateur président thomas sankara agencer information burkina ata source ambassade burkina faso italie
11,faso mêbo amical militaire ancien militaire armée américain originaire burkina offrir tonne granite tonne sable,faso mêbo amical militaire ancien militaire armée américain originaire burkina offrir tonne granite tonne sable ouagadougou amical militaire ancien militaire armée américain originaire burkina faso vendredi don estimer million franc cfer initiative présidentiel faso mêbo don composer tonne granite tonne sable valeur total million franc cfa initiative amical vise répondre appel contribution lancer haute autoriter pays construction national voir grand engouement engagement réel population soutenir initiative présidentiel vouloir apporter modeste contribution déclarer kalifa romuald dao secrétaire général amical amical ailleurs inviter burkinabè trouver soutenir initiative président faso capitaine ibrahim traorer vouloir burkinabè inspirer bel exemple accompagner président faso développement chère patrie lancer dao don membre amical contribuer confection paver site faso mêbo créer amical militaire ancien militaire armée américain originaire burkina faso compte jour membre soutenir initiative viser collecter vivre profit population ville djibo agencer information burkina ata
12,kuilsé délégation spécial régional orientation budget cœur session ordinaire,kuilsé délégation spécial régional orientation budget cœur session ordinaire kaya septembre délégation spécial régional centre nord tenir session ordinaire mercredi septembre consacrer orientation budgétaire permettre prendre délibération renforcer connaissance participant session offrir délégation spécial régional centre nord occasion analyser priorité grand axe stratégie financier année colonel major blais ouédraogo président délégation spécial régional orientation retenir permettre répondre mieux attente population compte contexte économique directif définie état délibération être adopter retrait région association international région francophone airf membre être acter composition attribution fonctionnement commission permanent délégation spécial régional objet échange amendement adoption dernier délibération porter autorisation signature protocole accord relatif mise œuvre programme appui fonds alphabétisation education fonaenf communication être présenter circulaire budgétaire collectivité territorial situation nutritionnel région stratégie mobilisation optimal ressource civisme fiscal carte universitaire burkina faso permettre outiller davantage membre dsr session heure enregistrer présence enfant venir découvrir délégation spécial régional centre nord encadrer spécialiste petit enfance suivre attention déroulement travail bout bout veille droit échange direct colonel major blais ouédraogo mission institution régional encadreur immersion inscrire cadre activité club enfant mettre place commune région agencer information burkina aib aio ata
13,zabré chronique cauchemar moto volatiliser resurgir,zabré chronique cauchemar moto volatiliser resurgir zabré zabré moto mauvais habitude disparaître magie pause voleur reprendre service rappeler habitant tranquillité illusion engin envoler semaine cma csp urbain suffire raviver angoisse vieux fléau engin dérober cache bien machine roue économie patient sacrifice familial unique outil travail perdre moto zabré perdre bien matériel voir effondrer équilibre fragile pleurer doute pourtant difficile esquisser sourire amer paradoxe local parking exister vider négliger usager préférer défier bon sens gare maquis centre santé marché parking officiel clé contact règle tacite suffire protéger engin toucher moto voleur aubain rêver rire pleurer leçon impos temp zabré prendre sérieux culture parking non option nécessité moto ici luxe gagne pain outil mobilité planche salut voleur philosopher observer profiter passer action savoir population accepter fermer bâton faire fouetter agencer information burkina aib jean pierre boussim photo illustration
14,onu premier ministre ae concerter samedi,onu premier ministre ae concerter samedi new york premier ministre état membre confédération alliance état sahel réuni mercredi new york harmoniser point vue participation débat général assemblée général onu tenir septembre rencontre réunir ministre burkinabè rimtalba jean emmanuel ouédraogo homologue mali abdoulay maïger niger ali lamine zein objectif présenter front commun porter voix peuple ae samedi septembre tribune nation unie ministre malien affaire étranger abdoulaye diop réunion permettre chef gouvernement partager analyse situation mondial réaffirmer aspiration peuple ae mettre accent nécessité indépendance souveraineté rupture pratique servir intérêt population premier ministre planifier action collectif porter solidairement message ae tribune nation uni féliciter avancée confédération saluer leadership chef état respectif diplomate malien conclure réitérer engagement gouvernement ae travailler manière solidaire atteindre objectif dignité prospérité peuple agencer information burkina ana ata
15,balé commune fara investir domaine environnement eau,balé commune fara investir domaine environnement eau fara délégation spécial commune fara tenir session cadre concertation mercredi septembre acteur bilan investissement période espace dialogue participation citoyen transparence gestion affaire commune connaître participation représentant couche haut commissaire province martin bako bilan investissement être présenter sécrétaire général mairie mohamadi zongo ressortir fcfer être injecter domaine éducation santé infrastructure routier aménagement jardin lampadaire investissement être assurer fond minier développement local pgpc budget communal pudtr domaine environnement eau enregistrer investissement suivre éducation chantier perspective travail construction salle conférence mairie réalisation parc vaccination travail construction plateau omnisports stade communal zonou issa bilan échange interactif contribuer éclairer sensibiliser membre cadre convenir développement endogène meilleur réalité fille fil commune unir meilleur implication population développement local recommandation être faire autorité local fille fil commune prendre bon note prendre engagement mieux travailler édification commune fara préfet président délégation spécial commune aloy ouango prononcer mot bienvenue ouverture session haut commissaire inviter special cadre exhorter population soutenir initiative gouvernement apporter initiative développement local endogène prôné autorité pays agencer information burkina yo
16,ousmane dembélé psg remporter ballon,ousmane dembélé psg remporter ballon ouagadougou aib français ousman dembélé remporter lundi soir théâtre châtelet pari france ballon attaquer pari devenir joueur tricolore décrocher prestigieux distinction individuel succéder karim benzema consécration joueur talent juger inconstant éclater grand jour saison auteur année exceptionnel psg ponctuer doublé ligu champion championnat france dembéler être artisan majeur succès parisien vitesse dribble déroutant efficacité retrouver différence grand finale inscrire but décisif sélection briller mener bleu finale euro sacre couronn trajectoire marquer haut former renne révéler borussia dortmund confronter blessure barcelone dembéler relancer carrière couleur parisien an atteindre plénitude moyen confirmer immense promesse entrevoir début professionnel raymond kopa michel platini papin zinédine zidane karim benzema ousmane dembélé ajouter nom liste prestigieux couronnement sonner revanche personnel aboutissement projet sportif ambitieux psg prix être remettre prestigieux cérémonie agence information burkina ata
17,banwa tansila veille citoyen soutenir effort paix cfer,banwa tansila veille citoyen soutenir effort paix cfer solenzo veille citoyen commune rural tansila situer solenzo contribuer hauteur million franc cfer soutenir effort paix burkina faso argent être déposer trésor public jeudi septembre hier samedi septembre président délégation spécial ledit commune mamadou coulibaly remettre quittance dépôt président veille citoyen sangoana dioma présence population donner million soutenir effort paix voir matériel pays décider soutenir président capitaine ibrahim traoré pays devenir paradis terre bien développé expliquer sangoana dioma président communal veille citoyen tansila action réaliser grâce mobilisation population ressortissant commune tansila remise quittance veille citoyen lancer nouveau cotisation vue soutenir fd vdp réussite mission lutte contre terrorisme pds mamadou coulibaly appeler population tansila cohésion entent faire tansila destination envié agencer information burkina ata
18,burkina solidarité carfo offrir bourse scolaire valeur cfer orphelin,burkina carfo remise bours orphélins burkina solidarité carfo offrir bourse scolaire valeur cfer orphelin ouagadougou cadre édition cérémonie remise bourse scolaire orphelin caisse autonome retraite fonctionnaire carfo remettre vendredi matin bourse scolaire valeur fcfer ayant droit pensionné décéder force combattant tomber champ bataille octroi bourse vise faciliter accès éducation orphelin cérémonie être marquer octroi bourse scolaire orphelin pensionné carfo force défense sécurité montant global cfer connaître remise don nature sac riz destiner tuteur orphelin distribution attestatier réussite baccalauréat élève attribution prix excellence valeur cfer meilleur bachelier boursier carfo oublier prix encouragemer ensemble lauréat partenaire technique financier remettre chèque géant cérémonie montant global mobiliser cfer carfo remettre attestation guise reconnaissance directeur général carfo hyacinthe tamalgo structure bénéficier accompagnement partenaire technique début opération remise bourse scolaire orphelin indiquer action carfo soutenir partenaire permettre bénéficiaire obtenir résultat scolaire fort appréciable année écouler total candidat examen scolaire année boursier être admettre taux réussite global répartition type examen boursier être admettre baccalauréat candidat admettre bep admettre bepc admettre cep admettre cap présenter bqp cqp brillamment réussir examen soutenir directeur général tamalgo estime témoignage émouvant représentant orphelin montrer cérémonie mérite pérenniser élément majeur marquer innovation édition agir temps digitalisation payement bourse carfo pay bourse orphelin plateforme ligne téléphone mobile innovation sélection bourse plateforme option venir remplacer manuel dépôt demande traitement ligne souci célérité transparence patron cérémonie ministre charge fonction public mathia traorer opération loin simple tradition réponse dynamique aspiration population cérémonie prendre appui initiative présidentiel éducation qualité ipeq permettre burkinabè accès éducation innovant débarrasser insuffisance ordre traoré inviter ensemble burkinabè introspection don intérêt général solidarité patriotisme agencer information burkina bbp yo
19,burkina carfo remise bours orphélins burkina solidarité carfo offrir bourse scolaire valeur cfer orphelin ouagadougou cadre édition cérémonie remise bourse scolaire orphelin caisse autonome retraite fonctionnaire carfo remettre vendredi matin bourse scolaire valeur fcfer ayant droit pensionné décéder force combattant tomber champ bataille octroi bourse vise faciliter accès éducation orphelin cérémonie être marquer octroi bourse scolaire orphelin pensionné carfo force défense sécurité montant global cfer connaître remise don nature sac riz destiner tuteur orphelin distribution attestatier réussite baccalauréat élève attribution prix excellence valeur cfer meilleur bachelier boursier carfo oublier prix encouragemer ensemble lauréat partenaire technique financier remettre chèque géant cérémonie montant global mobiliser cfer carfo remettre attestation guise reconnaissance directeur général carfo hyacinthe tamalgo structure bénéficier accompagnement partenaire technique début opération remise bourse scolaire orphelin indiquer action carfo soutenir partenaire permettre bénéficiaire obtenir résultat scolaire fort appréciable année écouler total candidat examen scolaire année boursier être admettre taux réussite global répartition type examen boursier être admettre baccalauréat candidat admettre bep admettre bepc admettre cep admettre cap présenter bqp cqp brillamment réussir examen soutenir directeur général tamalgo estime témoignage émouvant représentant orphelin montrer cérémonie mérite pérenniser élément majeur marquer innovation édition agir temps digitalisation payement bourse carfo pay bourse orphelin plateforme ligne téléphone mobile innovation sélection bourse plateforme option venir remplacer manuel dépôt demande traitement ligne souci célérité transparence patron cérémonie ministre charge fonction public mathia traorer opération loin simple tradition réponse dynamique aspiration population cérémonie prendre appui initiative présidentiel éducation qualité ipeq permettre burkinabè accès éducation innovant débarrasser insuffisance ordre traoré inviter ensemble burkinabè introspection don intérêt général solidarité patriotisme agencer information burkina bbp yo,burkina conseil ministre burkina nouveau produit soumettre autorisation spécial importation ouaga conseil ministre jeudi soumettre nouveau produit autorisation spécial importation exportation nouveau produit soumettre autorisation spécial importation boisser alcool boisson énergisant alcool boisson énergétique alcool nouveau produit exportation riz produit dériver soja arachid coqu arachide décortiqué tomate oignon mangue frais miel brut compte rendre porte parole gouvernement pingdwender gilbert ouédraogo indiquer relecture décret fixer liste produit soumettre autorisation spécial importation exportation conformer nouveau loi emballage sachet plastique burkina faso permettre soutenir politique gouvernement matière financement autonome structurer développement filière agricole pastoral halieutique poursuivre agencer information burkina wi bbp
20,france violence contre manifestant être signaler ville,burkina inter france manifestation violence france violence contre manifestant être signaler ville ouagadougou aib affrontement manifestant force ordre lieu ville france occasionner interpellation violent beaucoup personne rapporter source médiathèque septembre grève national dérouler protester contre mesure austériter proposer gouvernement violence policier être signaler ville toulouse brest marseill média population répondre violence usage fumigène utilisation disproportionner violence police france manifestation pacifique population être dénoncer reprise ong agencer information burkina
21,compte rendre conseil ministre jeudi septembre,compte rendre conseil ministre jeudi septembre conseil ministre tenir ouagadougou jeudi septembre séance ordinaire présidence excellence capitaine ibrahim traor président faso président conseil ministre délibérer dossier inscrire ordre jour entendre communication oral procéder nomination autoriser mission étranger deliberation titre ministere economie finance conseil adopter rapport rapport relatif projet loi règlement annexe exercice exécution budget etat exercice faire contexte poursuite réforme mise œuvre initiative présidentiel renforcement dynamique reconquête territoire national titre budget etat exercice prévision ressource être arrêter cfer cfer ressource ordinaire cfer ressource extraordinaire correspondre part respectif recette total prévision crédit paiement initialement établir cfa passer définitivement cfer hausse cfer correspondre progression valeur prévision définitif repartir dépense ordinaire montant cfer part dépense capital montant cfa équivaloir prévision autorisation engagement initialement établir cfer passer cfer hausse cfer correspondre progression recette compte affectation spécial passer prévision initial cfer prévision définitif cfer hausse cfer correspondre taux exécution budget etat exercice juger satisfaisant traduire grand rigueur bon efficacité capacité adaptation face défi rencontrer conseil marquer accord transmission dudit projet loi assemblée législatif transition second rapport relatif projet décret porter relecture décret mef mai porter détermination condition exercice activité transit matière dangereux stratégique équipement matériel départ destination burkina faso cadre reconquête territoire national lutte contre insécurité gouvernement adopter décret mef mai conférer exclusiviter société etat faso transit logistique exercice activité transit matière dangereux stratégique équipement matériel départ destination burkina faso relecture dudit décret imposer regard nécessité étendre champ compétence société marchandise bénéficier franchise droit taxe importation exportation vise renforcer contrôle etat flux sensible susceptible constituer vecteur transaction non maîtriser porter atteinte sécurité national finance public principale innovation décret porter extension champ application marchandise bénéficier franchise droit taxe élargissement compétence constatation infraction agent assermenté ministère charge mine environnement adoption décret renforcer cadre juridique vue garantir sécurité souveraineté transparence exercice activité transit matière sensible stratégique marchandise titre ministere securite conseil adopter rapport relatif décret porter nomination policier relever corps commissaire police grade supérieur titre année décret porte nomination inspecteur général police adoption décret nomination contrôleur général police grade inspecteur général police conformément loi juin porter statut cadre police national décret porte nomination contrôleur général police adoption décret nomination commissaire divisionnaire police grade contrôleur général police conformément loi juin porter statut cadre police national décret porte nomination commissaire divisionnaire police adoption décret nomination commissaire principal police grade commissaire divisionnaire police conformément loi juin porter statut cadre police national décret porte nomination commissaire principal police adoption décret nomination commissaire police grade commissaire principal police conformément loi juin porter statut cadre police national liste personne publier journal officiel burkina faso titre ministere industrie commerce artisanat conseil adopter rapport rapport relatif projet décret porter fixation liste produit soumettre autorisation spécial importation asi autorisation spécial exportation ase décret relecture décret tran mdicapme mefp mars fixer liste produit soumettre autorisation spécial importation autorisation spécial exportation relecture décret vise prendre compte produit conformer nouveau loi emballage sachet plastique burkina faso permettre soutenir politique gouvernement matière financement autonome structurer développement filière agricole pastoral halieutique innovation décret porter prise compte nouveau produit importation boisson alcool boisson énergisant alcool boisson énergétique alcool produit exportation riz produit dériver soja arachid coqu arachide décortiqué tomate oignon mangue frais miel brut adoption décret élargir liste produit soumettre autorisation spécial importation autorisation spécial exportation rapport relatif projet décret porter expropriation actionnaire minoritaire portefeuille résiduel société nouveau société sucrier comoé sosuco gouvernement burkina faso volonté politique assurer continuité approvisionnemer sucre qualité préserver outil production dénoncer convention etat sucr participation actionnaire majoritaire sosuco suite dénonciation etat racheter part social sucre participation capital social société nouveau société sucrier comoé portefeuille résiduel action détenu actionnaire minoritaire objet offre rachat processus reprise contrôle société etat reprendre participation actionnaire minoritaire titre onéreux titre gratuit nombre total action acquis portefeuille résiduel action capital social regard non réactivité actionnaire détenir action gouvernement décider procéder expropriation actionnaire concerner adoption décret consacrer expropriation actionnaire minoritaire portefeuille résiduel prise contrôle total sosuco etat burkina faso rapport relatif projet ministère industrie commerce artisanat projet concerner attribution marché travail équipement service profit société nouveau brasserie faso brafaso montant fcfer société national burkinabè hydrocarbure sonabhy montant cfer salon international artisanat ouagadougou siao montant cfer financement assurer budget etat exercice communication oral ministre affaire étranger coopération régional burkinabè extérieur conseil communication communication visite délégation institut développement diaspora africain addi prévoir octobre novembre terre africain burkina faso délégation nombre personne afro descendant séjour rencontre officiel échange direct secteur priver burkinabè animer conférence atelier participation universitaire artiste opérateur économique effectuer visite site historique culturel pays visite objectif renforcer lien historique culturel afrique diaspora promouvoir échange tradition africain culture diaspora permettre afro descendant renouer racine africain travers cérémonie mémoire recueillement viser prospecter opportunité économique secteur stratégique perspective investissement direct apporter soutien addi président faso capitaine ibrahim traor symbole dignité résistance afrique sein diaspora second communication compte rendre participation burkina faso conférence nation unir pays voie développement littoral pdsl tenir août awazer turkménistan placer thème favoriser progrès grâce partenariat conférence nation unir pays voie développement littoral permettre délégation burkinabè compte acquis pays matière réhabilitation réseau routier extension couverture électrique national renforcement infrastructure télécommunication acquis être rendre grâce mobilisation accru ressource interne réforme audacieux administration fiscal douanier conférence awaza être occasion etat membre confédération etat sahel ae voix porter excellence Monsieur ministre république mali position commun ae attest reconnaissance progressif confédération instance international marge travail burkina faso turkménistan signer protocole accord consultation politique marquer création cadre coopération pays ministre action humanitaire solidarité national conseil communication communication commémoration édition journée international femme rural prévoir octobre commune rural barsalogho région koulsé édition placer thème offensive agropastoral halieutique burkina faso stratégie meilleur contribution femme rural localité objectif contribuer renforcement capacité productif femme rural retourner commémoration journée international viser reconnaître apport décisif femme rural quête souveraineté alimentaire offrir opportuniter soutenir réinsertion socioéconomique femme retourner valoriser savoir faire renforcer résilience face défi actuel choix commune rural barsalogho commémoration justifier statut localité abriter grand nombre personne retourner second communication bilan édition mois solidarité tenir novembre décembre thème solidarité facteur cohésion social date mai montant total ressource mobiliser cfa repartir contribution financier nature don proviennent structure public privé personne physique contribution financier élever cfer permettre ministère action humanitaire solidarité national renforcer prise charge sanitaire malade indigent personne déplacer interne soutenir autonomisation social économique femme travers activité générateur revenu contribution nature estimer cfer constituer vivre contribution être immédiatement mettre disposition personne vulnérable région mois solidarité objectif mobiliser ressource matériel financier vue prise charge personne groupe vulnérable victime choc ministre santé conseil communication résultat passage campagne chimioprévention paludisme saisonnier année burkina faso passage campagne dérouler août concerner district sanitaire burkina faso cibl attendre enfant âgé mois être traiter taux couvertur administratif passage enfant traiter être travers stratégie porte porte enfant malnutri aigu modérer être dépister nouveau cas enfant malnutri aigu sévère rattraper nouveau cas enfant cible vaccin antipaludique non jour être retrouver passage être rattraper taux concession être visiter gîte être identifier immédiatement détruire résultat concerner district sanitaire compte pays district sanitaire sebba tougouri pama connaître retard approvisionnemer intrant entrainer décalage campagne lesdit district digitalisation campagne chimioprévention paludisme saisonnier niveau communautaire être mettre œuvre district sanitaire prochain passage campagne dérouler septembre concerner district sanitaire compte tenir décalage dernier district sanitaire ministre enseignement supérieur recherche innovation conseil compte rendre mission délégation centre information biodiversité infobio université joseph zerbo août lomé république togolais mission permettre définir stratégie mutualisation infrastructure équiper recherche vue asseoir pôle excellence fonction compétence laboratoire projet accord cadre initier discuter établissement projet développement accord coopération université lomé togo université joseph zerbo agencer information burkina
22,burkina audience ministre secrétaire général adjoindre onu traiter journal,revoir presse burkina audience ministre secrétaire général adjoindre onu traiter journal ouagadougou entretien ministre burkinabè rimtalber jean emmanuel ouédraogo secrétaire général adjoindre organisation nation uni onu amina mohamed marge assemblée général onu sujet aborder parution jour onu burkina invite appeler terroriste parrain nom titre journal sidwaya quotidien etat informe ministre rimtalber jean emmanuel ouédraogo entretien secrétaire adjoindre onu amina mohamed demander éviter caresser terroriste sens poil appeler sortir narratif consister éviter citer parrain terroriste nomme continuer forfait préciser sidwayer journal ajout cours audience chef gouvernement burkinabè expliquer contexte prévaloir burkina faso relater effort consentir peuple burkinabè leadership président faso capitaine ibrahim traorer domaine sécurité développement doyen quotidien priver observateur paalger sujet indiquer rencontre permettre échange direct franc situation national perspective coopération système nation uni journal préciser ministre souligner onu rester posture accompagnement respectueux priorité national burkina faso demeurer disposer poursuivre coopération journal pays entretien permettre ouvrir nouveau perspective disponibilité exprimer ministre favoriser visite mme aminata mohamed burkina faso initiative souhaiter responsable onusien quotidien bobolai express faso part indiquer audience venir renforcer dialogue constructif burkina faso nation uni porter volonté partager œuvrer paix stabilité développement agencer information burkina bak yo
23,gourma cellule régional protection social renforcer capacité,burkina goulmou protection social gourma cellule régional protection social renforcer capacité fada gourma aib secrétaire général région goulmou siaka ouattara représentant gouverneur présider lundi septembre fada gourma atelier formation cellule régional protection social crps goulmou rencontre permettre renforcer connaissance acteur régional système national protection social lien développement acteur régional système national protection social être former lundi septembre fada gourma secrétaire général région goulmou siaka ouattara rappeler formation inscrire dynamique national mise œuvre stratégie national protection social snps agir non présenter détail snp plan action renforcer outil suivi évaluation redynamiser crp faire cadre coordination efficace part chef département développement suivi programme filet social service aide social secrétariat permanent conseil national protection social cnps walter anawana zagué préciser protection social aumône faire pauvre droit fondamental jour indiquer échange porter système protection social vigueur burkina faso importance créer synergie acteur mieux répondre multiple vulnérabilité frapper population nom participant donal thiombiano ocade fada exprimer satisfaction prendre part atelier thématique autant important région situation sécuritaire accentuer vulnérabilité formation permettre mieux comprendre protection social identifier acteur impliquer mesurer importance communauté agencer information burkina kac
24,sitho sport lancer édition,burkina culture tourisme sport sitho sport lancer édition ouagadougou ministère communication culture art tourisme organiser mercredi ouagadougou cross populaire lancer édition salon international tourisme hôtellerie ouagadougou sitho ministre communication culture art tourisme gilbert pingwendé ouédraogo himself accompagner homologue nigérien artisanat tourisme guichen agaichata atta gouverneur région kadiogo collaborateur département arpenter artère ville ouagadougou honorer sportif cross populaire terminer séance aérobic vouloir commencer activité édition sitho séance aérobic sport facteur cohésion social sport falloir humain parfait santé indiquer ministre charge tourisme gilbert ouédraogo tourisme sport allié faire tourisme falloir sportif burkina faso beaucoup site touristique relief aller niveau dôme fabédougou pic sindou falloir cran pouvoir franchir pic ministre ouédraogo rappeler tourisme burkinabè actuel secteur porteur année arrière tourisme subir plein fouet revers terrorisme grâce effort force combattant tête excellence capitaine ibrahim traoré rendon compte reconquête territoire site touristique fréquenté statistique accroitre mausoler thoma sankara inaugurer mai dernier visiteur accueillir pareil musée national année visiteur contre année contribution tourisme économie être milliard fcfer contribution vouloir secteur porteur économie burkinabè expliquer ministre charge tourisme pleinement satisfait veille ouverture sitho thème édition tourisme facteur intégration peuple sahel mali niger pays invité spécial ghana pays inviter honneur agence information burkina ata
25,nakambé croix rouge outill acteur secourisme renforcer résilience communautaire,burkina nakambé secourisme formation nakambé croix rouge outill acteur secourisme renforcer résilience communautaire tenkodogo septembre aib gouverneur région nakambé accompagner responsable comité international croix rouge cicr croix rouge burkinabè crbf présider mercredi tenkodogo ouverture session formation secourisme profit acteur cler région gouverneur région nakambé abdou karim lamizana souligner pertinence initiative indiquer face défi sécuritaire capacité apporter assistance rapide approprier personne détress devenir impératif vital formation concerner participant sélectionner région répartir session jour septembre septembre salle magnifique servicer tenkodogo bénéficiaire acquérir compétence essentiel premier secours jouer rôle relais localité respectif cas incident allocution chef cicr fada rappeler institution présent burkina faso spécifiquement mission principal rapprocher population affecter apporter protection assistance strict respect principe neutralité humanité saluer collaboration étroite cicr crbf autorité administratif local estimer action humanitaire gagne efficacité conduire esprit complémentarité transparence terme discours responsable exprimer espoir voir formation secourisme ouvrir voie action similaire renforcer durablement capacité communauté nakambé participant part engager mettre pratique acquis formation service population session marque avancée significatif consolidation résilience communautaire face crise illustre importanc partenariat institution humanitaire autorité local protéger vie soulager souffrance promouvoir solidarité humain agencer information burkina yo
26,banwa personne déplacer interne vulnérable tansila recevoir vivre,burkina banwa solidarité don vivre pdi banwer personne déplacer interne vulnérable tansila recevoir vivre tansila comité départemental secours urgence réhabilitation codesur tansila situer solenzo mercredi don vivre personne déplacer interne vulnérable commune don composer tonne riz tonne farine maïs tonne maïs bénéficiaire recevoir sac riz farine maïs paquet sucre boîte sardine guissoro dembelé représentant bénéficiaire don soulager pdi dernier cherchaient bois sec revendre pouvoir nourrir agencer information burkina bak
27,léo appelé immersion patriotique sissili réinvestir valeur acquis,léo appelé immersion patriotique sissili réinvestir valeur acquis léo série activité intérêt général marquer mercredi septembre ville léo initier jeune appeler programme immersion patriotique obligatoire province sissili action être placer signe engagement communautaire développement durable participation force défense sécurité côté autorité administratif communal programme journée débuter opération reboisement sein forêt régional sissili appelé mettre terre centaine plant long clôture espace hectare action viser contribuer préservation environnement protéger patrimoine forestier local apprendre valeur civique patriotique manière mettre œuvre déclarer responsable comité organisation osée sondo suite jeune citoyen retrouver centre ville procéder curage caniveau initiative salutaire viser assainir ville prévenir risque inondation période hivernal être vivement apprécier population poursuivre élan solidarité appelé don substantiel municipalité prélude lancement probable initiative faso mêbo léo don composer tonne ciment lot pelle truelle geste concret vise soutenir effort commune matière infrastructure équipement public cérémonie marquer coup envoi activité être présider délégation spécial léo mousser sawadogo discours saluer engagement sens civisme jeune appeler démonstration patriotisme concret édifiant témoigner adhésion jeunesse construction national offrir exemple communauté déclarer ajouter coup pouce jeune donner remercion initiative encourageon garder esprit travailler réussir cursus universitaire assurer relève demain présence remarquer élément force défense sécurité côté appelé conférer événement caractère solennel symbolique renforcer message unité cohésion social agencer information burkina ban ata
28,tuy école primaire expérimenter champ scolaire,tuy école primaire expérimenter champ scolaire hounder initiative présidentiel éducation qualité encourager création champ scolaire travers pays tuy école primaire engager cultivant maïs sorgho niébé arachide soja sésame école primaire karaba karaba karaba cirer houndé visiter vendredi septembre illustrer expérience résultat varier karaba maïs cultivé présente bon physionomie maturité semer début juillet fruit travail parent élève enseignant élève directeur bega nanema enfant contribuer buttage participer récolte parent assurer majeur partie travail indiquer toutefois souligner problème divagation ruminant faute clôture initiative soutenir cantine scolaire libérer temps apprentissage fontaine compter expérimenter jardinage scolaire ajouté parent élever gilbert dombouer saluer initiative inviter pair adhérer intérêt enfant karaba maïs sojer occuper respectivement quart quart hectare domaine scolaire maïs maturation soja formation gousse directeur intérimaire souleymane kindo relever absence appui extérieur semence engrai herbicide réalisation champ divagation animal défi majeur apprécier implication enseignant préserver champ contribution cantine initiative valoris agriculture base économie susciter vocation estimer manque eau demeure contrainte pratique jardinage école forage enfant parcourir mètre approvisionner besoin classe préciser karaba cirer réalité particulier hectare haricot semer domaine scolaire août plant subsister endroit dégât causer ruminant directrice mme sylvie somé regretter perte présence gardien école opter culture haricot jardin clôturer initialement destiner production moringa baobab remercier parent enseignant contribution enseigner yaya diallo initiative noble mérite soutien accroître parent élève chef circonscription éducation base ceb houndé maxime gnoumou indiquer école circonscription cultiver année expérience montr élève agriculture activité utile susciter vocation affirmer directeur provincial éducation préscolaire primaire non formel tuy ladji ouattara relever total école ceb province mettre place champ scolaire noter engouement acteur diversification spéculation maïs sorgho niébé arachid sojer sésame toutefois souligner défi manque terre cultivabler zone urbain accès eau difficulté labour manque semence engrai surveillance champ divagation animal insuffisance formation enseignant pérenniser initiative ouattara prévoit plaidoyer auprès propriétaire terrien autorité provincial communal service agricole secteur priver faciliter accès terre intrant appui technique entendre renforcer sensibilisation élève enseignant communauter champ scolaire agencer information burkina beb ata
29,mpsr bilan positif défi relever,mpsr bilan positif défi relever kaya septembre aib an arriver mpsr pouvoir burkina faso connaître avancée notable secteur cler défi important demeurer occasion anniversaire concitoyen sandbondtenga dresser bilan positif saluer progrès appeler action ciblée améliorer quotidien burkinabè avènement mpsr pouvoir noter changement positif domaine bénéfice population éducation agriculture passer sécurité santé avancée significatif gratuité soin mère enfant baisse prix produit pharmaceutique mise disposition clinique mobile constituer acquis important régime falloir relever mpsr susciter engagement communautaire réalisation travail intérêt commun engouemer autour initiative faso mêbo exemple tangible promotion patriotisme favoriser installation usine entreprise production local contribuer indépendance économique social pays élan lutte contre incivisme insalubrité corruption encourageant mérite renforcer gouvernement attaquer consommation abusif alcool stupéfiant décimer force vif pays falloir trouver meilleur formule motivation vdp preuve engagement remarquable libération intégrité territoire affirmer mme sawadogo sawadogo binta alfred ouédraogo effort notable faire déplacé interne localité souligner avènement mpsr constater changement progressif domaine citoyen ressentir fierté appartenir état souverain action communautaire engager gouvernement développement économique social travers initiative présidentiel saluer domaine sécuritaire effort entreprendre déplacé interne localité corruption inefficacité administration public mal miner société être vigoureusement combattre constater début changement avancée attendre mpsr question cohésion social information hostile paix cohésion relayer activiste mériter attention particulier amélioration condition vie burkinabè face cherté vie attente fort catherine ouédraogo salu part progressif personne déplacer interne signe amélioration sécurité constater développement réalisation usine route caniveau population comprendre régime engager développement véritable adopter idéologie souhait ardent président ibrahim traoré galvanis davantage fd vdp battre jour nuit paix sawadogo issa estime an mpsr opérer changement majeur profit peuple burkinabè point vue sécuritaire territoire contrôle permettre millier pdi niveau agriculture attention particulier accorder secteur travers acquisition tracteur semence engrai labour gratuit profit monde rural économie être reléguer second plan témoigner ouvertur usine sofato traitement résidu minier transport urbain être améliorer acquisition centaine bus grand ville pays plan social mpsr renaître civisme patriotisme sein citoyen perceptible contribution effort paix initiative faso mêbo immersion patriotique nouveau bachelier défi majeur relever accentuation opération reconquête territoire permettre pdi défi majeur création usine chef lieu région gouvernement ailleurs prôner éducation qualité rompre définitivement système éducatif colonial orienter enfant métier primaire niveau santé effort consentir falloir moderniser hôpital recruter personnel soigner qualité quantité agencer information burkina propos recueillir augustin irwaya ouedraogo
30,ioba enseignant inviter investir pleinement réussite généralisation réforme,burkina ioba education rentree administratif iober enseignant inviter investir pleinement réussite généralisation réforme zambo aib chef circonscription éducation base cceb zambo kôg hien inviter acteur éducation investir pleinement réussite réforme rentrée administratif tenir mardi septembre prendre part réunion directeur école chef service interne ceb zambo rencontre permettre faire point rentrée administratif définir orientation nécessaire année scolaire couronner succès cceb hien exhorter ensemble acteur éducatif implication total mise œuvre réforme cours généralisation effectif école commune zambo invite acteur éducation investir pleinement généralisation réforme succès ceb indiquer kôg hien ailleurs insister nécessité renforcer collaboration engagement garantir meilleur encadrement pédagogique administratif enseignant élève agencer information burkina bak
31,kampti frère périr éboulement site orpaillage traditionnel yolonhira,burkina poni kampti orpaillage accident kampti frère périr éboulement site orpaillage traditionnel yolonhira kampti jeune frère trouver mort tôt mardi environ matin éboulement site orpaillage traditionnel yolonhira village situer kampti province poni source local jeune frère trouver trou partiellement écrouler tenter porter secours aîné être tour ensevelir cavité complètement céder noter frère trou alerté habitant village rapidement mobiliser dégager corps force ordre personnel santé procéder constat lieu drame dépouille être remettre famille obsèque agencer information burkina ata
32,nakambé semaine régional culture lancer,burkina nakambe culture src nakambé semaine régional culture lancer tenkodogo aib cité zoungrantenga chef lieu région nakambé accueillir lundi salle polyvalent étalon cérémonie officiel lancement semaine régional culture src étape constituer jalon essentiel processus sélection ambassadeur culturel région participer semaine national culture snc prévoir avril mai bobo dioulasso placer patronage ministre sécurité mahamoudou sana cérémonie mobiliser autorité administratif coutumier religieux foule nombreux allocution ministre saluer bravoure force défense sécurité fds volontaire défense patrie vdp population civil détermination permettre tenue événement quiétude pensée victime terrorisme formuler vœu rétablissement blessé ministre sana féliciter comité régional organisation conduire gouverneur région nakambé mobilisation coordination efficace acteur remercier représentant directeur général office national identité parrain édition majesté naaba guigmpolé dima zoungrantenga roi tenkodogo contribution édition revêt importance particulier rappeler culture moteur paix développement contexte sécuritaire actuel déclarer src introduit innovation compétition être avancer septembre permettre artiste mieux préparer diasporer burkinabè vivre niger participe fois dispositif repêchage être instaurer ballet création chorégraphique troupe classer deuxièmer note minimal qualifier art culinaire temps préparation être harmoniser heure plat principal heure plat léger heure dessert heure boisson directrice général snc mme sanon coulibaly christiane innovation viser garantir équité rehausser qualité artistique src tenkodogo vouloir cadre créativité fraternité traduire volonté burkina faso promouvoir valeur culturel renforcer cohésion national agencer information burkina bak
33,koulpélogo src représentant qualifié snc issue phase régional tenkodogo,burkina src phase prestation koulpélogo koulpélogo src représentant qualifié snc issue phase régional tenkodogo ouargaye représentant koulpélogo défendre couleur province semaine national culture snc bobo issue phase régional tenkodogo représentant province compétiront lutte slam cuisine issue prestation représentant défendre couleur koulpélogo semaine national culture snc bobo agir lutteur koara nabonswender archang slam mlle nikiema chérifa art culinaire catégorie boisson directeur provincial communication culture art tourisme patouinewende belem felliciter lauréat exhorter représenter dignement province phase final bobo dioulasso ailleurs saluer engagement participant non qualifié adresser mention spécial troupe tékalé école gorgo yargatenga participation obtenir place danse traditionnel pool jeune belem exprimer reconnaissance encadreur accompagnateur partenaire contribuer succès collectif agencer information burkina bbp
34,nahouri espace vacance jeune fille semaine valoriser art culinaire vivre ensembl,burkina nahouri clotur activite nahouri espace vacance jeune fille semaine valoriser art culinaire vivre ensembl association djoatiner espoir demain clôturer lundi septembre activité édition espace vacance jeune fille présider province nahouri sier aristide mohamed kam espace durer semaine permettre jeune fille apprendre préparer mets local sensibiliser mal miner société semaine vingtaine jeune fille être former art culinaire confection chaussure chapeau sécurité routier création activité générateur revenu promotion détermination nom porte promotion jeune fille édition espace vacance jeune fille promoteur kadoua wetta abem art culinaire traditionnel africain conférer femme place important considération voie disparition femme rencontrer énorme difficulter foyer savoir proposer moindre mettre local époux activité permettre jeune fille renforcer capacité domaine entendre mme wetta représentant fille nourriahi abem saluer initiative permettre apprendre conduite formateur préparation mets local engager mettre connaissance acquérir profit communauté entier province nahouri sier aristide mohamed kam inviter jeune fille modèle famille famille école vie devoir capitaliser réinvestir valeur connaissance acquérir profit communauté être espoir demain être modèle courage créativité détermination engagement soutenir autorité provincial kam féliciter responsable association neuf année investit énergie amour offrir jeune fille province cadre épanouissement formation continu début cérémonie assemblée entonner kassim hymn victoire force combattant force mal agencer information burkina hko
35,goulmou src troupe artiste traditionnel retenir snc,burkina gourma culture goulmou src troupe artiste traditionnel retenir snc fada gourma aib troupe artiste traditionnel région goulmou être retenir participer compétition catégorie art spectacle semaine national culture snc bobo dioulasso issue compétition régional tenu septembre fada gourma terme délibération troupe nanbonwender tibga être retenir discipline danse traditionnel jeune troupe yempabou tibga danse traditionnel adulte discipline vedette chanson traditionnel namoamo balkima gourma être sélectionner association gédéon gourma représenter région musique traditionnel instrumental adulte tandis tin todi yaba kompienga concourir chœur populaire lompo lamourdia gourma être retenir slam orchestr djelimangou gourma orchestre centre culturel yankadi gourma ballet pool jeune jury évaluer prestation groupe artistique répartir discipline orchestre danse traditionnel pool jeune ballet danse traditionnel pool adulte vedette chanson traditionnel chœur populaire musique traditionnel instrumental pool adulte slam saluer engagement autorité régional provincial fort mobilisation public toutefois relever insuffisance préparation participant disqualification troupe règlement jury recommander encadreur artiste veiller respect strict texte mieux préparer scénario adapter prestation exigence scène moderne groupe qualifié suggérer formation mise niveau compétition national chef service patrimoine culturel direction régional tourisme culture art tourisme goulmou jean lompo saluer qualité authenticiter prestation part promoteur acteur culturel jean baptiste zombré qualifier évènement compétition grandiose ajouter culture véritable valeur distinguer oeil monde agencer information burkina lny bak
36,tournoi ufoa etalon cadet qualifié,foot bfa civ afr sport caf tournoi ufoa etalon cadet qualifié ouagadougou etalon cadet burkina faso qualifié défaite cadet béninois mercredi homologue nigéria tournoi union fédération zone ufoa dérouler yamoussoukro côte ivoir apprendre fédération burkinabè football fbf fbf étalon projeter final large défaite guépard bénin face nigeria cadet burkinabè point positionner nigeria point défaite bénin éliminer point groupe samedi prochain terrain lycé scientifique yamoussoukro poulain moussa sanogo falcao jouer dernier match poule contre nigeria leadership groupe agence information burkina ata
37,kénédougou équipe leader remporter édition tournoi cohésion social,burkina kenedougou sport final maracana kénédougou équipe leader remporter édition tournoi cohésion social orodara président délégation spécial pd commune dorola fatoumata ouédraogo présider samedi septembre dorola finale édition tournoi maracana cohésion social organiser dieudonné ouédraogo équipe leader remporter finale face équipe alliance score but finale édition tournoi maracana cohésion social dérouler samedi septembre dorola terme match disputé intensité fair play équipe leader triomphé adjuger trophée édition face alliance score but équipe victorieux recevoir enveloppe financier cfer médaille lot jeu maillot ballon équipe alliance repartir somme cfer jeu maillot médaille bronze ballon placer thème mobilisation jeune doroler autour football facteur paix cohésion social édition réunir fille fil commune autour objectif commun renforcement unité solidarité vivre ensemble travers sport parrain arouna barro saluer initiative aspect compétitif contribuer promotion paix cohésion contexte national exiger action collectif fort compétition imposer anner année pilier vie social local illustre parfaitement sport servir outil dialogue inclusion paix sein communauté agencer information burkina
38,faso foot ligue gabelou tête issue journée,foot bfa sport fbf lfp faso foot faso foot ligue gabelou tête issue journée ouagadougou gabelou association sportif douane douane occuper fauteuil leader victoire dimanche centre formation football espoir burkina cffeb journée faso foot ligue championnat national burkinabè football division victoire douane journée match disputer rahimo contre vitesse usfa contre rcb reporter date ultérieur cause campagne africain rencontre asfb salitas sporting cascade ajeb asfa sonabel solder nul blanc match majestic rck real faso efo terminer nul but partout match rahimo vitesse usfa rcb reporter résultat asfb salitas cffeb douane sporting cascade ajeb asfa sonabel match lundi septembre efo real faso majestic rck match reporter rahimo vitesse usfa rcb issu journée classement présente douane efo point rfa point rck point majestic point salita point asfa point sonabel point sporting point ajeb point asfb point rcb point match rahimo point match usfa point point vitesse point match cffeb point programme journée ajeb efo asfb sonabel majestic sporting rfa asfer douane salitas vitesse cffeb rck usfa rcb rahimo agence information burkina ata
39,fête indépendance ramader pearl hôtel inaugurer manger,burkina faso infrastructure inauguration manger aib ministre état simon compaoré inaugurer jeudi manger kilomètre ouagadougou nouveau infrastructur hôtelier ramada pearl hôtel occasion célébration anniversaire indépendance construction mobiliser centaine ouvrier nuit jour terrain marécageux impraticable déclarer directeur général hôtel david zongo inauguration final édifice inaugurer réaliser coût million fcfer comprendre directeur général salle conférence sonoriser place restaurant bar forage mètre cube groupe électrogène caméra surveillance viser accompagner initiative gouvernement affirmer encourager gouvernement soutenir initiative privé genre réalisation œuvre homme affaire hamidou ouédraogo hamid carreau affirmer aucun pays développer promoteur priver inviter gouvernement mettre politique place hôtel ville manger pouvoir vivre décembre parrain événement ministre état simon compaoré affirmer ramada pearl hôtel investissement phase ambition gouvernement soutenir initiative priver stimuler économie national ramada pearl hôtel mettre lumière riche patrimoine immense potentialité touristique burkina faso région affirmer maire commune manga jérôme rouamba féliciter promoteur hôtel réalisation édifice mois ramader pearl hôtel édifice hôtelier genre réaliser promoteur ouagadougou agencer information burkina wis
40,kampti gorgone hectare aménager attribuer producteur,kampti gorgone hectare aménager attribuer producteur kampti juin souffl agriculture local grâce appui état engagement service technique agricole kampti village gongone commune kampti province poni franchir étape majeur développement agriculture aménagement sommaire hectare attribuer juin producteur local opération être rendre grâce dévouement professionnalisme kouessé sanou technicien supérieur agriculture chef zone appui technique agricole zata kampti équipe initiative démarrer phase négociation communautaire janvier suivie rencontre information planification mars travail technique être lancer mai levée courbe niveau mise place disquette ensemble périmètre aménagement permettre procéder labour terre juin étape être mener bien délai pleine participation population bénéficiaire grâce accompagnement rigoureux équipe technique local cérémonie officiel attribution parcelle tenir juin présence Monsieur massaïba aimé soulama préfet président délégation spécial kampti accompagner secrétaire général occasion représentant état souligner moyen être mobiliser permettre population produire bon condition avertir aucun tolérance accorder bénéficiaire faire preuve négligence opter comportement hectare aménager hectare être affecter marah dédier démonstration formation hectare restant être répartir parcelle individuel attribuer homme femme dynamique gestion équitable inclusif terre projection technicien campagne cultural venir devoir permettre récolter sac riz moyenne sac hectare production représenter amélioration significatif revenu ménage sécurité alimentaire famille bénéficiaire impact immédiat projet illustre avantage approche concerter service technique autorité local communauter exemple gongone faire école localité commune résultat attendre atteindre kouesser sanou chef zata kampti agence information burkina
